Chrom	Start	End	Ref	Tgt	Src	N(Variants)	fd(w<0.01,y=(=0.0,=1.0))	Candidate
9	16400001	16440000	AFR+EAS	EUR	NEA,DEN	1082	0.1498778998778999	9:16401273,9:16404541,9:16404921,9:16404999,9:16408826,9:16414182,9:16415302,9:16417368,9:16421037,9:16422495,9:16423919,9:16425152,9:16425640,9:16426724,9:16428449,9:16428813,9:16430162,9:16430265,9:16431193,9:16434343,9:16434427,9:16436324,9:16437728,9:16438120,9:16438793,9:16439537
9	16440001	16480000	AFR+EAS	EUR	NEA,DEN	983	0.4028038847117794	9:16440331,9:16441375,9:16441429,9:16441691,9:16442310,9:16442789,9:16443323,9:16445034,9:16445993,9:16446156,9:16446518,9:16448687,9:16449162,9:16450882,9:16451257,9:16451838,9:16453145,9:16454224,9:16454229,9:16455833,9:16456911,9:16457632,9:16458889,9:16459251,9:16460019,9:16461305,9:16462085,9:16462330,9:16462967,9:16463157,9:16469025,9:16469196,9:16472947,9:16473118,9:16474002,9:16474985,9:16475660,9:16476971
9	16480001	16520000	AFR+EAS	EUR	NEA,DEN	985	0.4956108706108706	9:16481630,9:16482104,9:16486111,9:16486501,9:16486599,9:16487477,9:16487558,9:16492011,9:16492629,9:16496446,9:16496452,9:16496576,9:16496648,9:16500114,9:16501216,9:16501503,9:16503545,9:16507737,9:16507740,9:16508333,9:16510670,9:16510795,9:16510805,9:16511935,9:16512260,9:16512748,9:16512763,9:16514186,9:16515883,9:16516026,9:16516604,9:16517785,9:16519886
9	16520001	16560000	AFR+EAS	EUR	NEA,DEN	966	0.3275226757369614	9:16520074,9:16524091,9:16525967,9:16526096,9:16532764,9:16542758,9:16542895,9:16546099,9:16546478,9:16548309,9:16549944,9:16550860,9:16553182,9:16553716,9:16553888,9:16553933,9:16554405,9:16555980,9:16556852,9:16558163,9:16559836
9	16560001	16600000	AFR+EAS	EUR	NEA,DEN	1029	0.16615353037766836	9:16560046,9:16560085,9:16560284,9:16561297,9:16562455,9:16564264,9:16565979,9:16566839,9:16567540,9:16568770,9:16572642,9:16572687,9:16573511,9:16573518,9:16573684,9:16573685,9:16574015,9:16574838,9:16576683,9:16578434,9:16580787,9:16588001,9:16590125,9:16591308,9:16591502,9:16596518,9:16596572,9:16596634,9:16599339
9	16600001	16640000	AFR+EAS	EUR	NEA,DEN	1063	0.5525271512113619	9:16603443,9:16606117,9:16606331,9:16606947,9:16608804,9:16613213,9:16613413,9:16613980,9:16614079,9:16614188,9:16614272,9:16614533,9:16617411,9:16619912,9:16623304,9:16625455,9:16628794,9:16630007,9:16632491
9	16640001	16680000	AFR+EAS	EUR	NEA,DEN	1153	0.36164257369614505	9:16641216,9:16649604,9:16649663,9:16649932,9:16650641,9:16651278,9:16657436,9:16658111,9:16658915,9:16659252,9:16659863,9:16661092,9:16661820,9:16661933,9:16663677,9:16664307,9:16664823,9:16665786,9:16665850,9:16665860,9:16666279,9:16667568,9:16669791,9:16671778,9:16672204,9:16678943,9:16679207,9:16679774
9	16680001	16720000	AFR+EAS	EUR	NEA,DEN	999	0.26399672187715667	9:16683176,9:16686831,9:16688309,9:16689255,9:16689260,9:16691196,9:16692496,9:16693782,9:16693969,9:16694836,9:16695690,9:16696187,9:16698234,9:16699008,9:16699287,9:16702068,9:16707507,9:16710264,9:16713366,9:16715098,9:16715129,9:16715137,9:16715657
9	16720001	16760000	AFR+EAS	EUR	NEA,DEN	1007	0.6558968926553673	9:16720122,9:16721238,9:16722304,9:16724276,9:16726226,9:16729697,9:16729959,9:16730868,9:16731038,9:16731474,9:16733305,9:16733693,9:16735436,9:16737646,9:16738269,9:16738795,9:16738889,9:16739763,9:16739962,9:16743408,9:16744440,9:16744519,9:16744807,9:16744918,9:16746129,9:16747109,9:16747684,9:16748162,9:16749020,9:16749754,9:16749782,9:16749871,9:16749884,9:16749950,9:16749978,9:16750348,9:16750627,9:16752427,9:16752822,9:16753149,9:16753774,9:16754035,9:16754934,9:16754982,9:16755039,9:16755346,9:16755706,9:16757041,9:16757088,9:16757116,9:16757174,9:16757261,9:16757315,9:16758001,9:16758649,9:16758684,9:16758710,9:16758741,9:16759357
9	16760001	16800000	AFR+EAS	EUR	NEA,DEN	1060	0.2809813161375661	9:16760796,9:16761255,9:16761597,9:16762034,9:16765339,9:16768265,9:16769662,9:16769943,9:16770229,9:16770443,9:16772534,9:16772775,9:16778859,9:16782790,9:16783881,9:16784682,9:16786303,9:16787039,9:16787670,9:16789081,9:16790956,9:16792126,9:16792200,9:16795286
9	16800001	16840000	AFR+EAS	EUR	NEA,DEN	960	0.20347222222222228	9:16800789,9:16802118,9:16802531,9:16804167,9:16805155,9:16810614,9:16824430,9:16833797,9:16835326,9:16836893
9	16840001	16880000	AFR+EAS	EUR	NEA,DEN	923	0.24906305114638444	9:16841757,9:16844949,9:16846260,9:16846323,9:16847520,9:16848790,9:16851977,9:16852453,9:16854367,9:16857676,9:16864076,9:16865291,9:16868958,9:16870182,9:16870501,9:16875622,9:16877758,9:16877788
9	16880001	16920000	AFR+EAS	EUR	NEA,DEN	512	0.6009650072150072	9:16882186,9:16882548,9:16883563,9:16885464,9:16889937,9:16892272,9:16892590,9:16894803,9:16894953,9:16895222,9:16895320,9:16895578,9:16895651,9:16895824,9:16896903,9:16898285,9:16898375,9:16898603,9:16898855,9:16899120,9:16899464,9:16899565
